<?xml version="1.0" encoding="UTF-8"?>
<project-private xmlns="http://www.netbeans.org/ns/project-private/1">
    <editor-bookmarks xmlns="http://www.netbeans.org/ns/editor-bookmarks/2" lastBookmarkId="0"/>
    <open-files xmlns="http://www.netbeans.org/ns/projectui-open-files/2">
        <group>
            <file>file:/home/void/Work/Progs/Java/Floyd%20Warshall/src/floyd/warshall/GraphViewerController.java</file>
            <file>file:/home/void/Work/Progs/Java/Floyd%20Warshall/src/floyd/warshall/FXMLDocumentController.java</file>
            <file>file:/home/void/Work/Progs/Java/Floyd%20Warshall/src/floyd/warshall/FloydWarshallAlgorithm.java</file>
            <file>file:/home/void/Work/Progs/Java/Floyd%20Warshall/src/floyd/warshall/ManualInputController.java</file>
        </group>
    </open-files>
</project-private>
